issn_id,collection,subject_area
0001-3714,,Ciências Agrárias
0001-3714,,Ciências Biológicas
0001-3765,,Ciências Agrárias
0001-3765,,Ciências Biológicas
0001-3765,,Ciências Exatas e da Terra
0001-3765,,Ciências Humanas
0001-3765,,Ciências da Saúde
0001-3765,,Engenharias
0001-6002,,Ciências Humanas
0001-6002,,Ciências da Saúde
0001-6365,,Ciências da Saúde
0002-0591,,Ciências Humanas
0002-192X,,Ciências Agrárias
0002-7014,,Ciências Exatas e da Terra
0003-2573,,Ciências Humanas
0003-2573,,Ciências Sociais Aplicadas
0003-3170,,Ciências da Saúde
0004-0592,,Ciências da Saúde
0004-0614,,Ciências da Saúde
0004-0622,,Ciências da Saúde
0004-0649,,Ciências da Saúde
0004-2730,,Ciências da Saúde
0004-2749,,Ciências da Saúde
0004-2803,,Ciências da Saúde
0004-282X,,Ciências da Saúde
0004-4822,,Ciências Exatas e da Terra
0006-8241,,Ciências Exatas e da Terra
0006-8705,,Ciências Agrárias
0011-1503,,Ciências Humanas
0011-5258,,Ciências Humanas
0011-6793,,Ciências Biológicas
0011-8516,,Ciências Biológicas
0011-8516,,Ciências da Saúde
0012-7353,,Engenharias
0016-3503,,Ciências da Saúde
0016-3813,,Ciências da Saúde
0016-7169,,Ciências Exatas e da Terra
0018-229X,,Ciências Humanas
0020-3874,,Ciências Humanas
0021-7557,,Ciências da Saúde
0025-7680,,Ciências da Saúde
0026-1742,,Ciências da Saúde
0028-3746,,Ciências da Saúde
0030-2465,,Ciências Agrárias
0030-2465,,Ciências Biológicas
0031-1049,,Ciências Biológicas
0034-7094,,Ciências da Saúde
0034-7108,,Ciências Biológicas
0034-7140,,Ciências Sociais Aplicadas
0034-7167,,Ciências da Saúde
0034-7280,,Ciências da Saúde
0034-7299,,Ciências da Saúde
0034-7329,,Ciências Humanas
0034-737X,,Ciências Agrárias
0034-737X,,Ciências Biológicas
0034-7418,,Ciências da Saúde
0034-7426,,Ciências Exatas e da Terra
0034-7434,,Ciências da Saúde
0034-7450,,Ciências da Saúde
0034-7493,,Ciências da Saúde
0034-7507,,Ciências da Saúde
0034-7515,,Ciências da Saúde
0034-7523,,Ciências da Saúde
0034-7590,,Ciências Sociais Aplicadas
0034-7612,,Ciências Sociais Aplicadas
0034-7701,,Ciências Humanas
0034-7744,,Ciências Biológicas
0034-7973,,Ciências da Saúde
0034-8309,,Ciências Humanas
0034-8376,,Ciências da Saúde
0034-8597,,Ciências da Saúde
0034-8910,,Ciências da Saúde
0034-9887,,Ciências da Saúde
0035-001X,,Ciências Exatas e da Terra
0035-0052,,Ciências da Saúde
0036-3634,,Ciências da Saúde
0036-4665,,Ciências Biológicas
0036-4665,,Ciências da Saúde
0037-8054,,Ciências Sociais Aplicadas
0037-8054,,Ciências da Saúde
0037-8682,,Ciências da Saúde
0038-2353,,Ciências Agrárias
0038-2353,,Ciências Biológicas
0038-2353,,Ciências Exatas e da Terra
0038-2353,,Ciências Humanas
0038-2353,,Engenharias
0038-2361,,Ciências da Saúde
0040-2915,,Ciências Humanas
0040-2915,,Ciências Sociais Aplicadas
0041-4751,,"Linguística, Letras e Artes"
0041-4751,,Ciências Humanas
0041-4751,,Ciências Sociais Aplicadas
0041-476X,,"Linguística, Letras e Artes"
0041-6932,,Ciências Exatas e da Terra
0041-8633,,Ciências Humanas
0041-8781,,Ciências da Saúde
0041-9060,,Ciências Sociais Aplicadas
0044-5967,,Ciências Agrárias
0044-5967,,Ciências Biológicas
0044-5967,,Ciências Exatas e da Terra
0044-5967,,Ciências da Saúde
0045-9178,,Ciências da Saúde
0047-2085,,Ciências da Saúde
0048-7732,,Ciências da Saúde
0049-3449,,Ciências Humanas
0065-1737,,Ciências Biológicas
0066-782X,,Ciências da Saúde
0071-1276,,Ciências Agrárias
0071-1675,,Ciências Humanas
0071-1713,,Ciências Humanas
0073-3407,,Ciências Biológicas
0073-4721,,Ciências Biológicas
0074-0276,,Ciências Biológicas
0074-0276,,Ciências da Saúde
0075-5222,,Ciências Biológicas
0075-5222,,Ciências da Saúde
0075-6458,,Ciências Biológicas
0080-2107,,Ciências Sociais Aplicadas
0080-6234,,Ciências da Saúde
0084-5906,,Ciências Biológicas
0085-5626,,Ciências Biológicas
0100-0683,,Ciências Agrárias
0100-1574,,Ciências Humanas
0100-1965,,Ciências Sociais Aplicadas
0100-204X,,Ciências Agrárias
0100-2945,,Ciências Agrárias
0100-3984,,Ciências da Saúde
0100-4042,,Ciências Exatas e da Terra
0100-4158,,Ciências Agrárias
0100-4239,,Ciências Biológicas
0100-4239,,Ciências Exatas e da Terra
0100-4670,,Ciências Exatas e da Terra
0100-512X,,Ciências Humanas
0100-5405,,Ciências Agrárias
0100-5502,,Ciências Humanas
0100-5502,,Ciências da Saúde
0100-6045,,Ciências Humanas
0100-6762,,Ciências Agrárias
0100-6916,,Ciências Agrárias
0100-6991,,Ciências da Saúde
0100-7203,,Ciências da Saúde
0100-736X,,Ciências Agrárias
0100-7386,,Ciências Exatas e da Terra
0100-7386,,Engenharias
0100-8358,,Ciências Agrárias
0100-8404,,Ciências Biológicas
0100-8455,,Ciências Biológicas
0100-8587,,Ciências Humanas
0100-879X,,Ciências Biológicas
0100-879X,,Ciências da Saúde
0101-2061,,Ciências Agrárias
0101-2800,,Ciências da Saúde
0101-3122,,Ciências Agrárias
0101-3157,,Ciências Humanas
0101-3157,,Ciências Sociais Aplicadas
0101-3173,,Ciências Humanas
0101-3262,,Ciências Humanas
0101-3289,,Ciências da Saúde
0101-3300,,Ciências Humanas
0101-4161,,Ciências Sociais Aplicadas
0101-4714,,Ciências Humanas
0101-4714,,Ciências Sociais Aplicadas
0101-546X,,Ciências Humanas
0101-6083,,Ciências da Saúde
0101-6628,,Ciências Sociais Aplicadas
0101-7330,,Ciências Humanas
0101-7438,,Engenharias
0101-8108,,Ciências da Saúde
0101-8175,,Ciências Biológicas
0101-9074,,Ciências Humanas
0101-9880,,Ciências da Saúde
0102-0188,,Ciências Humanas
0102-0536,,Ciências Agrárias
0102-0935,,Ciências Agrárias
0102-2555,,Ciências Humanas
0102-261X,,Ciências Exatas e da Terra
0102-3098,,Ciências Sociais Aplicadas
0102-311X,,Ciências da Saúde
0102-3306,,Ciências Biológicas
0102-3586,,Ciências da Saúde
0102-3616,,Ciências da Saúde
0102-3772,,Ciências Humanas
0102-4450,,"Linguística, Letras e Artes"
0102-4698,,Ciências Humanas
0102-6445,,Ciências Humanas
0102-6720,,Ciências da Saúde
0102-6909,,Ciências Humanas
0102-695X,,Ciências da Saúde
0102-6992,,Ciências Humanas
0102-6992,,Ciências Sociais Aplicadas
0102-7182,,Ciências Humanas
0102-7638,,Ciências da Saúde
0102-7786,,Ciências Exatas e da Terra
0102-7972,,Ciências Humanas
0102-8529,,Ciências Humanas
0102-8650,,Ciências da Saúde
0102-8839,,Ciências Humanas
0102-8839,,Ciências Sociais Aplicadas
0103-0582,,Ciências da Saúde
0103-0663,,Ciências da Saúde
0103-1104,,Ciências da Saúde
0103-166X,,Ciências Humanas
0103-1759,,Ciências Exatas e da Terra
0103-1813,,"Linguística, Letras e Artes"
0103-2003,,Ciências Humanas
0103-2003,,Ciências Sociais Aplicadas
0103-2070,,Ciências Humanas
0103-2100,,Ciências da Saúde
0103-2186,,Ciências Humanas
0103-3131,,Ciências Biológicas
0103-3352,,Ciências Humanas
0103-3786,,Ciências Sociais Aplicadas
0103-4014,,Ciências Humanas
0103-4979,,Ciências Humanas
0103-4979,,Ciências Sociais Aplicadas
0103-5053,,Ciências Exatas e da Terra
0103-507X,,Ciências da Saúde
0103-5150,,Ciências da Saúde
0103-5665,,Ciências Humanas
0103-6351,,Ciências Sociais Aplicadas
0103-636X,,Ciências Humanas
0103-6440,,Ciências da Saúde
0103-6513,,Engenharias
0103-6564,,Ciências Humanas
0103-7307,,Ciências Humanas
0103-7331,,Ciências Humanas
0103-7331,,Ciências da Saúde
0103-8478,,Ciências Agrárias
0103-863X,,Ciências Humanas
0103-9016,,Ciências Agrárias
0103-9733,,Ciências Exatas e da Terra
0104-026X,,Ciências Humanas
0104-0618,,Ciências Sociais Aplicadas
0104-0707,,Ciências da Saúde
0104-1169,,Ciências da Saúde
0104-1290,,Ciências Humanas
0104-1290,,Ciências da Saúde
0104-1428,,Engenharias
0104-4036,,Ciências Humanas
0104-4060,,Ciências Humanas
0104-4230,,Ciências da Saúde
0104-4478,,Ciências Humanas
0104-530X,,Engenharias
0104-5687,,Ciências da Saúde
0104-5970,,Ciências Humanas
0104-5970,,Ciências da Saúde
0104-6276,,Ciências Humanas
0104-6497,,Ciências Biológicas
0104-6500,,Ciências Exatas e da Terra
0104-6632,,Engenharias
0104-7183,,Ciências Humanas
0104-7760,,Ciências Agrárias
0104-7930,,Ciências Agrárias
0104-7930,,Ciências Biológicas
0104-8023,,Ciências Humanas
0104-8333,,Ciências Humanas
0104-8775,,Ciências Humanas
0104-9224,,Engenharias
0104-9313,,Ciências Humanas
0120-0011,,Ciências da Saúde
0120-0062,,Ciências Humanas
0120-0135,,Ciências Agrárias
0120-0283,,Ciências Exatas e da Terra
0120-0488,,Ciências Biológicas
0120-0534,,Ciências Humanas
0120-0690,,Ciências Agrárias
0120-0739,,Ciências Agrárias
0120-0739,,Ciências Biológicas
0120-0976,,Ciências Sociais Aplicadas
0120-100X,,Engenharias
0120-1263,,Ciências Humanas
0120-131X,,Ciências Humanas
0120-1468,,Ciências Humanas
0120-159X,,Ciências Sociais Aplicadas
0120-1751,,Ciências Exatas e da Terra
0120-2448,,Ciências da Saúde
0120-2456,,Ciências Humanas
0120-2596,,Ciências Sociais Aplicadas
0120-2804,,Ciências Exatas e da Terra
0120-2812,,Ciências Agrárias
0120-2952,,Ciências Agrárias
0120-3053,,Ciências Sociais Aplicadas
0120-3347,,Ciências da Saúde
0120-338X,,"Linguística, Letras e Artes"
0120-3479,,"Linguística, Letras e Artes"
0120-3584,,Ciências Sociais Aplicadas
0120-3592,,Ciências Sociais Aplicadas
0120-3630,,Ciências Exatas e da Terra
0120-3649,,Ciências Humanas
0120-386X,,Ciências da Saúde
0120-3886,,Ciências Humanas
0120-3886,,Ciências Sociais Aplicadas
0120-3916,,Ciências Humanas
0120-4157,,Ciências da Saúde
0120-419X,,Ciências Exatas e da Terra
0120-4483,,Ciências Humanas
0120-4645,,Ciências Sociais Aplicadas
0120-4688,,Ciências Humanas
0120-4807,,Ciências Humanas
0120-4823,,Ciências Sociais Aplicadas
0120-4874,,Ciências da Saúde
0120-5307,,Ciências Humanas
0120-5323,,Ciências Humanas
0120-548X,,Ciências Biológicas
0120-5552,,Ciências da Saúde
0120-5587,,Ciências Humanas
0120-5609,,Engenharias
0120-5633,,Ciências da Saúde
0120-5927,,"Linguística, Letras e Artes"
0120-6230,,Engenharias
0120-6346,,Ciências Sociais Aplicadas
0120-8160,,Ciências Sociais Aplicadas
0120-8705,,Ciências da Saúde
0120-8748,,Ciências da Saúde
0120-8942,,Ciências Sociais Aplicadas
0120-971X,,Ciências da Saúde
0120-9957,,Ciências da Saúde
0120-9965,,Ciências Agrárias
0121-0319,,Ciências da Saúde
0121-053X,,"Linguística, Letras e Artes"
0121-0793,,Ciências da Saúde
0121-0807,,Ciências da Saúde
0121-1129,,Engenharias
0121-1617,,Ciências Humanas
0121-182X,,Ciências Sociais Aplicadas
0121-1935,,Ciências Biológicas
0121-1935,,Ciências Exatas e da Terra
0121-215X,,Ciências Humanas
0121-246X,,Ciências da Saúde
0121-2494,,Ciências Sociais Aplicadas
0121-3261,,Ciências Humanas
0121-3261,,Ciências Sociais Aplicadas
0121-3261,,Ciências da Saúde
0121-3628,,Ciências Humanas
0121-3709,,Ciências Agrárias
0121-3709,,Ciências Sociais Aplicadas
0121-3709,,Ciências da Saúde
0121-3814,,Ciências Sociais Aplicadas
0121-4004,,Ciências da Saúde
0121-4381,,Ciências Humanas
0121-4470,,Ciências Exatas e da Terra
0121-4500,,Ciências da Saúde
0121-4705,,Ciências Humanas
0121-4772,,Ciências Sociais Aplicadas
0121-4993,,Engenharias
0121-5051,,Ciências Sociais Aplicadas
0121-5167,,Ciências Humanas
0121-5256,,Ciências da Saúde
0121-5469,,Ciências Humanas
0121-5612,,Ciências Humanas
0121-6805,,Ciências Sociais Aplicadas
0121-7488,,Ciências Sociais Aplicadas
0121-750X,,Engenharias
0121-7550,,Ciências Humanas
0121-7550,,Ciências Sociais Aplicadas
0121-7577,,Ciências da Saúde
0121-8123,,Ciências da Saúde
0121-8417,,Ciências Humanas
0121-8530,,Ciências Humanas
0121-8697,,Ciências Sociais Aplicadas
0122-0268,,Ciências Agrárias
0122-0667,,Ciências da Saúde
0122-1213,,Ciências Sociais Aplicadas
0122-1450,,Ciências Agrárias
0122-1450,,Ciências Sociais Aplicadas
0122-2066,,Ciências Humanas
0122-3461,,Engenharias
0122-4409,,Ciências Humanas
0122-5197,,Ciências Humanas
0122-5383,,Engenharias
0122-7238,,Ciências Humanas
0122-7483,,Ciências Biológicas
0122-7483,,Ciências Exatas e da Terra
0122-8285,,"Linguística, Letras e Artes"
0122-8285,,Ciências Humanas
0122-8285,,Ciências Sociais Aplicadas
0122-8706,,Ciências Agrárias
0122-8803,,Ciências Sociais Aplicadas
0122-9354,,Ciências Agrárias
0122-9761,,Ciências Biológicas
0122-9761,,Ciências Exatas e da Terra
0122-9893,,Ciências Sociais Aplicadas
0123-1294,,Ciências Humanas
0123-1472,,Ciências Sociais Aplicadas
0123-2126,,Engenharias
0123-3033,,Engenharias
0123-3068,,Ciências Biológicas
0123-3122,,Ciências Biológicas
0123-3122,,Ciências Humanas
0123-3122,,Ciências Sociais Aplicadas
0123-3122,,Ciências da Saúde
0123-3432,,"Linguística, Letras e Artes"
0123-3475,,Ciências Biológicas
0123-3475,,Ciências Exatas e da Terra
0123-3475,,Engenharias
0123-3769,,Ciências Sociais Aplicadas
0123-417X,,Ciências Humanas
0123-4226,,Ciências Agrárias
0123-4226,,Ciências Biológicas
0123-4226,,Ciências Humanas
0123-4226,,Ciências Sociais Aplicadas
0123-4226,,Ciências da Saúde
0123-4366,,Ciências Sociais Aplicadas
0123-4641,,"Linguística, Letras e Artes"
0123-4870,,"Linguística, Letras e Artes"
0123-4870,,Ciências Humanas
0123-5923,,Ciências Sociais Aplicadas
0123-5931,,Ciências Humanas
0123-7799,,Ciências Exatas e da Terra
0123-7799,,Engenharias
0123-8418,,Ciências Sociais Aplicadas
0123-885X,,Ciências Sociais Aplicadas
0123-9015,,Ciências da Saúde
0123-9155,,Ciências Humanas
0123-921X,,Engenharias
0123-9392,,Ciências da Saúde
0124-0064,,Ciências da Saúde
0124-0137,,Ciências Sociais Aplicadas
0124-0579,,Ciências Sociais Aplicadas
0124-2253,,Ciências Sociais Aplicadas
0124-4035,,Ciências Sociais Aplicadas
0124-4108,,Ciências da Saúde
0124-4639,,Ciências Sociais Aplicadas
0124-5376,,Ciências Biológicas
0124-5996,,Ciências Sociais Aplicadas
0124-6127,,Ciências Humanas
0124-7107,,Ciências da Saúde
0124-7441,,Ciências Sociais Aplicadas
0124-7913,,Ciências Humanas
0124-8146,,Ciências da Saúde
0124-8170,,Engenharias
0124-8693,,Ciências Sociais Aplicadas
0138-6557,,Ciências da Saúde
0185-013X,,Ciências Sociais Aplicadas
0185-0636,,Ciências Sociais Aplicadas
0185-092X,,Engenharias
0185-1101,,Ciências Exatas e da Terra
0185-1276,,Ciências Humanas
0185-1616,,Ciências Sociais Aplicadas
0185-1659,,Ciências Humanas
0185-1667,,Ciências Sociais Aplicadas
0185-1918,,Ciências Sociais Aplicadas
0185-2450,,Ciências Humanas
0185-2523,,Ciências Humanas
0185-2574,,Ciências Humanas
0185-2620,,Ciências Humanas
0185-2698,,Ciências Humanas
0185-2698,,Ciências Sociais Aplicadas
0185-2760,,Ciências Humanas
0185-3058,,Ciências Humanas
0185-3058,,Ciências Sociais Aplicadas
0185-3082,,"Linguística, Letras e Artes"
0185-3082,,Ciências Humanas
0185-3309,,Ciências Agrárias
0185-3309,,Ciências Biológicas
0185-3309,,Engenharias
0185-3325,,Ciências da Saúde
0185-3880,,Ciências Exatas e da Terra
0185-3929,,Ciências Humanas
0185-3929,,Ciências Sociais Aplicadas
0185-4534,,Ciências Humanas
0185-6286,,Ciências Humanas
0186-0348,,Ciências Humanas
0186-1042,,Ciências Sociais Aplicadas
0186-2391,,Ciências Humanas
0186-2979,,Ciências Agrárias
0186-2979,,Ciências Biológicas
0186-2979,,Ciências Exatas e da Terra
0186-4866,,Ciências da Saúde
0186-7202,,Ciências Sociais Aplicadas
0186-7210,,Ciências Sociais Aplicadas
0187-0173,,Ciências Sociais Aplicadas
0187-3180,,Ciências Biológicas
0187-358X,,Ciências Sociais Aplicadas
0187-4705,,Ciências da Saúde
0187-5337,,Ciências da Saúde
0187-5779,,Ciências Agrárias
0187-5779,,Engenharias
0187-5795,,Ciências Humanas
0187-5795,,Ciências Sociais Aplicadas
0187-6236,,Ciências Exatas e da Terra
0187-6961,,Ciências Sociais Aplicadas
0187-7151,,Ciências Biológicas
0187-7372,,Ciências Sociais Aplicadas
0187-7380,,Ciências Agrárias
0187-7380,,Ciências Biológicas
0187-7585,,Ciências da Saúde
0187-8433,,Ciências da Saúde
0187-893X,,Ciências Biológicas
0188-2198,,Ciências da Saúde
0188-2503,,Ciências Sociais Aplicadas
0188-252X,,Ciências Sociais Aplicadas
0188-2546,,Ciências Humanas
0188-2872,,Ciências Humanas
0188-3380,,Ciências Sociais Aplicadas
0188-4557,,Ciências Sociais Aplicadas
0188-4611,,Ciências Exatas e da Terra
0188-4999,,Ciências Biológicas
0188-6266,,Ciências Biológicas
0188-6266,,Ciências Exatas e da Terra
0188-6266,,Ciências Sociais Aplicadas
0188-6266,,Ciências da Saúde
0188-6649,,Ciências Humanas
0188-7017,,Ciências Humanas
0188-7653,,Ciências Sociais Aplicadas
0188-7742,,Ciências Humanas
0188-7742,,Ciências Sociais Aplicadas
0188-8897,,Ciências Biológicas
0188-9532,,Engenharias
0210-4806,,Ciências da Saúde
0210-5691,,Ciências da Saúde
0211-5735,,Ciências da Saúde
0211-6995,,Ciências da Saúde
0211-9536,,Ciências da Saúde
0212-1611,,Ciências da Saúde
0212-7199,,Ciências da Saúde
0212-9728,,Ciências da Saúde
0213-1285,,Ciências da Saúde
0213-6163,,Ciências da Saúde
0213-9111,,Ciências da Saúde
0214-7823,,Ciências da Saúde
0250-5460,,Ciências Biológicas
0250-5460,,Ciências Exatas e da Terra
0250-7161,,Ciências Humanas
0250-7161,,Ciências Sociais Aplicadas
0251-3420,,Ciências Sociais Aplicadas
0252-1865,,Ciências Humanas
0252-1865,,Ciências Sociais Aplicadas
0252-8274,,Ciências Biológicas
0252-8584,,Ciências Sociais Aplicadas
0253-2948,,Ciências da Saúde
0253-5785,,Ciências Agrárias
0254-0223,,Ciências Agrárias
0254-0770,,Engenharias
0254-1637,,Ciências Humanas
0254-1637,,Ciências Sociais Aplicadas
0254-9212,,Ciências Humanas
0254-9239,,"Linguística, Letras e Artes"
0254-9239,,Ciências Humanas
0254-9247,,Ciências Humanas
0255-6952,,Engenharias
0256-0100,,Ciências Humanas
0256-7024,,Ciências Exatas e da Terra
0256-9507,,Ciências Humanas
0256-9574,,Ciências Biológicas
0256-9574,,Ciências da Saúde
0257-4314,,Ciências Sociais Aplicadas
0258-5936,,Ciências Agrárias
0258-6576,,Ciências Agrárias
0259-0190,,Ciências Humanas
0259-9422,,Ciências Humanas
0300-9041,,Ciências da Saúde
0301-5092,,Ciências Agrárias
0301-5092,,Ciências Biológicas
0301-603X,,Ciências Agrárias
0301-603X,,Ciências Biológicas
0301-696X,,Ciências da Saúde
0301-7036,,Ciências Sociais Aplicadas
0301-732X,,Ciências Agrárias
0301-8059,,Ciências Biológicas
0303-7657,,Ciências da Saúde
0304-2847,,Ciências Agrárias
0304-3584,,Ciências Biológicas
0325-0075,,Ciências da Saúde
0325-1195,,Ciências Humanas
0325-2957,,Ciências Biológicas
0325-2957,,Ciências da Saúde
0325-7541,,Ciências Biológicas
0325-8238,,Ciências Humanas
0325-8238,,Ciências Sociais Aplicadas
0327-0793,,Ciências Exatas e da Terra
0327-5094,,"Linguística, Letras e Artes"
0327-5094,,Ciências Humanas
0327-9383,,Ciências Biológicas
0327-9545,,Ciências Biológicas
0328-0381,,Ciências Biológicas
0328-1205,,"Linguística, Letras e Artes"
0328-1205,,Ciências Humanas
0328-9702,,Ciências Humanas
0365-0375,,Ciências Exatas e da Terra
0365-0596,,Ciências da Saúde
0365-2807,,Ciências Agrárias
0365-6691,,Ciências da Saúde
0365-9402,,Ciências Biológicas
0366-1644,,Ciências Exatas e da Terra
0366-2128,,Ciências Biológicas
0366-5232,,Ciências Biológicas
0366-5232,,Ciências Humanas
0366-6913,,Engenharias
0367-4762,,Ciências da Saúde
0370-3908,,Ciências Biológicas
0370-3908,,Ciências Exatas e da Terra
0370-4106,,Ciências da Saúde
0370-4467,,Engenharias
0370-5943,,Ciências Biológicas
0373-5524,,Ciências Biológicas
0373-5524,,Ciências Exatas e da Terra
0373-5680,,Ciências Biológicas
0375-1589,,Ciências Agrárias
0375-1589,,Ciências Biológicas
0376-723X,,Engenharias
0376-7892,,Ciências da Saúde
0377-9424,,Ciências Agrárias
0378-1844,,Ciências Agrárias
0378-1844,,Ciências Biológicas
0378-1844,,Ciências Exatas e da Terra
0378-1844,,Engenharias
0378-4835,,Ciências da Saúde
0378-7818,,Ciências Agrárias
0379-3982,,Engenharias
0379-4350,,Ciências Exatas e da Terra
0430-5027,,Ciências Humanas
0430-5027,,Ciências Sociais Aplicadas
0459-1283,,"Linguística, Letras e Artes"
0465-546X,,Ciências da Saúde
0482-5004,,Ciências da Saúde
0484-7903,,Ciências da Saúde
0486-6525,,Ciências Humanas
0524-9767,,Ciências Humanas
0535-5133,,Ciências Biológicas
0535-5133,,Ciências da Saúde
0568-2517,,Ciências Agrárias
0583-7693,,Ciências Biológicas
0716-0208,,Ciências Exatas e da Terra
0716-0720,,Ciências Biológicas
0716-078X,,Ciências Biológicas
0716-0917,,Ciências Exatas e da Terra
0716-1018,,Ciências da Saúde
0716-2790,,"Linguística, Letras e Artes"
0716-2790,,Ciências Humanas
0716-5455,,Ciências Sociais Aplicadas
0716-5811,,"Linguística, Letras e Artes"
0716-9760,,Ciências Biológicas
0716-9868,,Ciências Biológicas
0716-9868,,Ciências da Saúde
0717-3458,,Ciências Biológicas
0717-3458,,Ciências Exatas e da Terra
0717-3458,,Ciências Sociais Aplicadas
0717-3458,,Engenharias
0717-5000,,Engenharias
0717-5051,,Ciências Sociais Aplicadas
0717-554X,,Ciências Humanas
0717-6538,,Ciências Biológicas
0717-6643,,Ciências Biológicas
0717-6821,,Ciências Sociais Aplicadas
0717-6848,,"Linguística, Letras e Artes"
0717-6996,,Ciências Humanas
0717-6996,,Ciências Sociais Aplicadas
0717-7178,,Ciências Biológicas
0717-7178,,Ciências Exatas e da Terra
0717-7194,,Ciências Humanas
0717-7348,,Ciências da Saúde
0717-7356,,Ciências Humanas
0717-7356,,Ciências Sociais Aplicadas
0717-7518,,Ciências da Saúde
0717-7526,,Ciências da Saúde
0717-7712,,Ciências Biológicas
0717-8832,,Ciências Humanas
0717-9200,,Ciências Agrárias
0717-9227,,Ciências da Saúde
0717-9308,,Ciências da Saúde
0717-9502,,Ciências Biológicas
0717-9502,,Ciências da Saúde
0717-9553,,Ciências da Saúde
0717-9707,,Ciências Exatas e da Terra
0718-0012,,Ciências Sociais Aplicadas
0718-0462,,Ciências Humanas
0718-0705,,Ciências Sociais Aplicadas
0718-0764,,Engenharias
0718-090X,,Ciências Sociais Aplicadas
0718-0934,,"Linguística, Letras e Artes"
0718-0950,,Ciências Sociais Aplicadas
0718-1043,,Ciências Humanas
0718-1043,,Ciências Sociais Aplicadas
0718-1337,,Engenharias
0718-1620,,Ciências Agrárias
0718-1876,,Ciências Sociais Aplicadas
0718-1957,,Ciências Biológicas
0718-1957,,Ciências Exatas e da Terra
0718-2201,,Ciências Humanas
0718-221X,,Ciências Agrárias
0718-2228,,Ciências Sociais Aplicadas
0718-2236,,Ciências Sociais Aplicadas
0718-2244,,Ciências Humanas
0718-2244,,Ciências Sociais Aplicadas
0718-2295,,"Linguística, Letras e Artes"
0718-235X,,Ciências Sociais Aplicadas
0718-2376,,Ciências Humanas
0718-2449,,Ciências da Saúde
0718-2724,,Ciências Sociais Aplicadas
0718-2724,,Engenharias
0718-2791,,Ciências Agrárias
0718-2813,,Engenharias
0718-3305,,Engenharias
0718-3399,,Ciências Sociais Aplicadas
0718-3402,,Ciências Humanas
0718-3402,,Ciências Sociais Aplicadas
0718-3429,,Ciências Agrárias
0718-3437,,Ciências Sociais Aplicadas
0718-3607,,Ciências Sociais Aplicadas
0718-381X,,Ciências da Saúde
0718-4026,,Ciências da Saúde
0718-4360,,Ciências Humanas
0718-4565,,Ciências Sociais Aplicadas
0718-4727,,Ciências Humanas
0718-4808,,Ciências Sociais Aplicadas
0718-4816,,Ciências da Saúde
0718-4867,,Ciências Sociais Aplicadas
0718-4883,,"Linguística, Letras e Artes"
0718-5006,,Engenharias
0718-5049,,Ciências Sociais Aplicadas
0718-5065,,Ciências Humanas
0718-5065,,Ciências Sociais Aplicadas
0718-5073,,Engenharias
0718-5162,,Ciências Sociais Aplicadas
0718-5200,,Ciências Sociais Aplicadas
0718-5286,,Ciências Sociais Aplicadas
0718-560X,,Ciências Biológicas
0718-560X,,Ciências Exatas e da Terra
0718-5693,,Ciências Sociais Aplicadas
0718-5839,,Ciências Agrárias
0718-591X,,Ciências Sociais Aplicadas
0718-6568,,Ciências Sociais Aplicadas
0718-669X,,Ciências Humanas
0718-6851,,Ciências Sociais Aplicadas
0718-686X,,Ciências Biológicas
0718-6894,,Ciências Humanas
0718-6924,,Ciências Sociais Aplicadas
0718-7106,,Ciências Exatas e da Terra
0718-7181,,Ciências Humanas
0718-7378,,Ciências Sociais Aplicadas
0718-8072,,Ciências Sociais Aplicadas
0718-8358,,Ciências Sociais Aplicadas
0718-8471,,Ciências Humanas
0718-8560,,Ciências da Saúde
0718-8870,,Ciências Sociais Aplicadas
0718-8994,,Ciências Biológicas
0718-915X,,Engenharias
0718-9273,,Ciências Humanas
0718-9303,,Ciências Humanas
0718-9516,,Ciências Agrárias
0718-9729,,Ciências Sociais Aplicadas
0718-9753,,Ciências Sociais Aplicadas
0719-0107,,Ciências da Saúde
0719-0409,,Ciências Sociais Aplicadas
0719-0433,,Ciências Sociais Aplicadas
0719-0581,,Ciências Sociais Aplicadas
0719-0646,,Ciências Exatas e da Terra
0719-0700,,Ciências Sociais Aplicadas
0719-0948,,Ciências Sociais Aplicadas
0719-1243,,Ciências Humanas
0719-1529,,Ciências Sociais Aplicadas
0719-1790,,Ciências Sociais Aplicadas
0719-2584,,Ciências Sociais Aplicadas
0719-2681,,Ciências Humanas
0719-2681,,Ciências Sociais Aplicadas
0719-2789,,Ciências Sociais Aplicadas
0719-3262,,"Linguística, Letras e Artes"
0719-367X,,Ciências Sociais Aplicadas
0719-3696,,Ciências Humanas
0719-3696,,Ciências Sociais Aplicadas
0719-3769,,Ciências Sociais Aplicadas
0719-3890,,Ciências Agrárias
0719-4242,,Ciências Humanas
0719-4994,,Ciências Agrárias
0719-4994,,Ciências Humanas
0719-5176,,"Linguística, Letras e Artes"
0719-5389,,Ciências Humanas
0719-5532,,Ciências Humanas
0719-5605,,Ciências Sociais Aplicadas
0719-5699,,Ciências Humanas
0719-6466,,Ciências Sociais Aplicadas
0719-689X,,Ciências Humanas
0719-7721,,Ciências Sociais Aplicadas
0719-8132,,Ciências Agrárias
0797-3691,,Ciências Humanas
0797-5538,,Ciências Sociais Aplicadas
0798-0264,,Ciências da Saúde
0798-0469,,Ciências da Saúde
0798-0477,,Ciências Biológicas
0798-0477,,Ciências Exatas e da Terra
0798-0477,,Ciências da Saúde
0798-0477,,Engenharias
0798-0582,,Ciências da Saúde
0798-0752,,Ciências da Saúde
0798-1171,,Ciências Humanas
0798-2259,,Ciências Agrárias
0798-2259,,Ciências Biológicas
0798-2259,,Ciências Exatas e da Terra
0798-2259,,Ciências da Saúde
0798-2259,,Engenharias
0798-4065,,Engenharias
0798-4324,,Ciências Humanas
0798-7269,,Ciências Agrárias
0798-9709,,"Linguística, Letras e Artes"
0798-9709,,Ciências Humanas
0798-9784,,"Linguística, Letras e Artes"
0798-9792,,Ciências Humanas
0807-8967,,Ciências Humanas
0864-0289,,Ciências da Saúde
0864-0300,,Ciências da Saúde
0864-0319,,Ciências da Saúde
0864-0394,,Ciências Agrárias
0864-084X,,Engenharias
0864-2125,,Ciências da Saúde
0864-2141,,Ciências Humanas
0864-2141,,Ciências da Saúde
0870-1164,,Engenharias
0870-6352,,Ciências Agrárias
0870-7103,,Ciências da Saúde
0870-8231,,Ciências Humanas
0870-8231,,Ciências Sociais Aplicadas
0870-8312,,Engenharias
0870-9025,,Ciências da Saúde
0871-018X,,Ciências Agrárias
0871-3413,,Ciências da Saúde
0871-9187,,Ciências Humanas
0871-9187,,Ciências Sociais Aplicadas
0871-9721,,Ciências da Saúde
0872-0169,,Ciências da Saúde
0872-0754,,Ciências da Saúde
0872-1904,,Ciências Exatas e da Terra
0872-3419,,Ciências Sociais Aplicadas
0872-671X,,Ciências da Saúde
0872-8178,,Ciências da Saúde
0872-8380,,Ciências Sociais Aplicadas
0872-9662,,Ciências Sociais Aplicadas
0873-2159,,Ciências da Saúde
0873-3015,,Ciências Sociais Aplicadas
0873-6529,,Ciências Sociais Aplicadas
0873-6561,,Ciências Humanas
0873-6561,,Ciências Sociais Aplicadas
0873-7444,,Ciências Sociais Aplicadas
0874-0283,,Ciências da Saúde
0874-1336,,Ciências Humanas
0874-2049,,Ciências Humanas
0874-2049,,Ciências Sociais Aplicadas
0874-4890,,Ciências da Saúde
0874-5161,,Ciências Exatas e da Terra
0874-5560,,Ciências Humanas
0874-5560,,Ciências Sociais Aplicadas
0874-6885,,Ciências Humanas
0874-6885,,Ciências Sociais Aplicadas
1010-2914,,Ciências Humanas
1010-9919,,Ciências Humanas
1011-2251,,Ciências Humanas
1011-7601,,Ciências Humanas
1012-1587,,"Linguística, Letras e Artes"
1012-1587,,Ciências Humanas
1012-1587,,Ciências Sociais Aplicadas
1012-2508,,Ciências Humanas
1012-2508,,Ciências Sociais Aplicadas
1012-2966,,Ciências da Saúde
1015-5163,,Ciências da Saúde
1015-6046,,Ciências Humanas
1015-8758,,Ciências Humanas
1016-913X,,Ciências Humanas
1017-0499,,Ciências Humanas
1017-8546,,Ciências da Saúde
1018-130X,,Ciências da Saúde
1019-4355,,Ciências da Saúde
1019-9128,,Ciências Agrárias
1019-9128,,Ciências Biológicas
1019-9403,,Ciências Humanas
1021-1497,,"Linguística, Letras e Artes"
1021-2019,,Engenharias
1021-447X,,Ciências Exatas e da Terra
1021-545X,,Ciências Humanas
1022-5129,,Ciências da Saúde
1024-0675,,Ciências da Saúde
1024-9435,,Ciências Sociais Aplicadas
1024-9435,,Ciências da Saúde
1025-0255,,Ciências da Saúde
1025-5583,,Ciências da Saúde
1025-9945,,Ciências Humanas
1025-9945,,Ciências Sociais Aplicadas
1026-8774,,Ciências Exatas e da Terra
1027-152X,,Ciências Agrárias
1027-2852,,Ciências Biológicas
1027-2852,,Ciências Exatas e da Terra
1027-2852,,Engenharias
1028-4818,,Ciências Humanas
1028-4818,,Ciências da Saúde
1029-3019,,Ciências da Saúde
1029-3043,,Ciências da Saúde
1130-0108,,Ciências da Saúde
1130-0558,,Ciências da Saúde
1130-1473,,Ciências da Saúde
1130-5274,,Ciências da Saúde
1130-6343,,Ciências da Saúde
1131-5768,,Ciências da Saúde
1132-0559,,Ciências da Saúde
1132-1296,,Ciências da Saúde
1132-6255,,Ciências da Saúde
1134-8046,,Ciências da Saúde
1134-928X,,Ciências da Saúde
1135-5727,,Ciências da Saúde
1135-7606,,Ciências da Saúde
1137-6627,,Ciências da Saúde
1138-123X,,Ciências da Saúde
1139-1375,,Ciências da Saúde
1139-6709,,Ciências da Saúde
1139-7632,,Ciências da Saúde
1315-0138,,Ciências Humanas
1315-0138,,Ciências da Saúde
1315-0162,,"Linguística, Letras e Artes"
1315-0162,,Ciências Agrárias
1315-0162,,Ciências Biológicas
1315-0162,,Ciências Exatas e da Terra
1315-0162,,Ciências Humanas
1315-0162,,Ciências Sociais Aplicadas
1315-0162,,Ciências da Saúde
1315-0162,,Engenharias
1315-2556,,Ciências Biológicas
1315-5216,,Ciências Humanas
1315-6268,,Ciências Humanas
1315-6411,,Ciências Sociais Aplicadas
1315-8597,,Ciências Humanas
1315-9496,,Ciências Exatas e da Terra
1315-9496,,Ciências Humanas
1315-9518,,Ciências Humanas
1315-9518,,Ciências Sociais Aplicadas
1315-9984,,Ciências Humanas
1315-9984,,Ciências Sociais Aplicadas
1316-0087,,Ciências Humanas
1316-0354,,Ciências Agrárias
1316-3361,,Ciências Agrárias
1316-3701,,Ciências Humanas
1316-3701,,Ciências Sociais Aplicadas
1316-4821,,Engenharias
1316-4910,,Ciências Humanas
1316-7138,,Ciências Sociais Aplicadas
1316-7138,,Ciências da Saúde
1317-5815,,Ciências Humanas
1317-5815,,Ciências Sociais Aplicadas
1405-0099,,Ciências da Saúde
1405-0218,,Ciências Sociais Aplicadas
1405-0471,,Ciências Agrárias
1405-0927,,Ciências Humanas
1405-0927,,Ciências Sociais Aplicadas
1405-1079,,Ciências Sociais Aplicadas
1405-1435,,Ciências Sociais Aplicadas
1405-2253,,Ciências Humanas
1405-2768,,Ciências Biológicas
1405-3195,,Ciências Agrárias
1405-3322,,Ciências Exatas e da Terra
1405-3586,,Ciências Agrárias
1405-5546,,Ciências Exatas e da Terra
1405-5546,,Engenharias
1405-6666,,Ciências Humanas
1405-7425,,Ciências Sociais Aplicadas
1405-7743,,Engenharias
1405-8421,,Ciências Sociais Aplicadas
1405-888X,,Ciências Biológicas
1405-9193,,Ciências Humanas
1405-9436,,Ciências Humanas
1405-9940,,Ciências da Saúde
1409-0015,,Ciências da Saúde
1409-0090,,Ciências da Saúde
1409-1259,,Ciências da Saúde
1409-1429,,Ciências da Saúde
1409-2433,,Ciências Exatas e da Terra
1409-3871,,Ciências Biológicas
1409-4142,,Ciências da Saúde
1409-4185,,Ciências da Saúde
1409-4258,,Ciências Sociais Aplicadas
1409-4568,,Ciências da Saúde
1409-469X,,Ciências Humanas
1409-469X,,Ciências Sociais Aplicadas
1409-4703,,Ciências Humanas
1409-4703,,Ciências Sociais Aplicadas
1413-2311,,Ciências Sociais Aplicadas
1413-2478,,Ciências Humanas
1413-294X,,Ciências Humanas
1413-3555,,Ciências da Saúde
1413-4152,,Engenharias
1413-6538,,Ciências Humanas
1413-7054,,Ciências Agrárias
1413-7372,,Ciências Humanas
1413-7704,,Ciências Humanas
1413-7739,,Ciências Biológicas
1413-7739,,Ciências Exatas e da Terra
1413-7852,,Ciências da Saúde
1413-8050,,Ciências Sociais Aplicadas
1413-8123,,Ciências da Saúde
1413-8271,,Ciências Humanas
1413-8557,,Ciências Humanas
1413-8670,,Ciências Biológicas
1413-8670,,Ciências da Saúde
1413-9251,,Ciências Sociais Aplicadas
1413-9596,,Ciências Agrárias
1413-9936,,Ciências Sociais Aplicadas
1414-3283,,Ciências Humanas
1414-3283,,Ciências da Saúde
1414-4077,,Ciências Humanas
1414-462X,,Ciências da Saúde
1414-4980,,Ciências Sociais Aplicadas
1414-753X,,Ciências Biológicas
1414-753X,,Ciências Humanas
1414-753X,,Ciências Sociais Aplicadas
1414-8145,,Ciências da Saúde
1414-9893,,Ciências Humanas
1415-4366,,Ciências Agrárias
1415-4714,,Ciências Humanas
1415-4757,,Ciências Biológicas
1415-5273,,Ciências da Saúde
1415-5419,,Ciências da Saúde
1415-6555,,Ciências Sociais Aplicadas
1415-790X,,Ciências da Saúde
1415-9848,,Ciências Sociais Aplicadas
1445-7377,,Ciências Humanas
1510-3846,,Ciências Humanas
1510-3846,,Ciências Sociais Aplicadas
1514-6871,,Ciências Sociais Aplicadas
1514-7991,,Ciências Biológicas
1515-5994,,Ciências Humanas
1515-5994,,Ciências Sociais Aplicadas
1515-9485,,Ciências Humanas
1516-0572,,Ciências Agrárias
1516-0572,,Ciências Biológicas
1516-1439,,Engenharias
1516-1498,,Ciências Humanas
1516-1846,,Ciências da Saúde
1516-3180,,Ciências da Saúde
1516-3598,,Ciências Agrárias
1516-4446,,Ciências da Saúde
1516-635X,,Ciências Agrárias
1516-7313,,Ciências Humanas
1516-8034,,Ciências da Saúde
1516-8484,,Ciências da Saúde
1516-8913,,Ciências Agrárias
1516-8913,,Ciências Biológicas
1516-8913,,Ciências da Saúde
1516-8913,,Engenharias
1516-9332,,Ciências da Saúde
1517-106X,,"Linguística, Letras e Artes"
1517-3151,,Engenharias
1517-4522,,Ciências Humanas
1517-7076,,Engenharias
1517-7491,,Ciências da Saúde
1517-7599,,"Linguística, Letras e Artes"
1517-8382,,Ciências Biológicas
1517-8692,,Ciências da Saúde
1517-9702,,Ciências Humanas
1518-7012,,Ciências Humanas
1518-7012,,Ciências Sociais Aplicadas
1518-7632,,"Linguística, Letras e Artes"
1519-3829,,Ciências da Saúde
1519-566X,,Ciências Biológicas
1519-6089,,Ciências Humanas
1519-6984,,Ciências Biológicas
1519-7077,,Ciências Sociais Aplicadas
1519-9940,,Ciências Agrárias
1560-4381,,Ciências da Saúde
1560-683X,,"Linguística, Letras e Artes"
1561-2953,,Ciências da Saúde
1561-3003,,Ciências da Saúde
1561-4018,,Ciências Humanas
1562-3009,,Ciências Agrárias
1562-3823,,Ciências Exatas e da Terra
1562-4730,,Ciências Humanas
1562-8264,,Ciências da Saúde
1575-0620,,Ciências da Saúde
1575-1813,,Ciências da Saúde
1576-5962,,Ciências da Saúde
1578-2549,,Ciências da Saúde
1578-8423,,Ciências da Saúde
1578-908X,,Ciências da Saúde
1579-699X,,Ciências da Saúde
1605-2528,,Ciências Biológicas
1607-050X,,Ciências Humanas
1607-050X,,Ciências Sociais Aplicadas
1607-4041,,Ciências Humanas
1608-8921,,Ciências da Saúde
1609-9117,,Ciências da Saúde
1645-0086,,Ciências Humanas
1645-0086,,Ciências Sociais Aplicadas
1645-0086,,Ciências da Saúde
1645-0523,,Ciências Humanas
1645-0523,,Ciências da Saúde
1645-3794,,Ciências Humanas
1645-3794,,Ciências Sociais Aplicadas
1645-4464,,Ciências Sociais Aplicadas
1645-6432,,Ciências Humanas
1645-6432,,Ciências Sociais Aplicadas
1645-7250,,Ciências Humanas
1645-9199,,Ciências Humanas
1645-9199,,Ciências Sociais Aplicadas
1645-9911,,Ciências Humanas
1646-107X,,Ciências da Saúde
1646-2122,,Ciências da Saúde
1646-2408,,Ciências Sociais Aplicadas
1646-2890,,Ciências da Saúde
1646-5237,,Ciências Sociais Aplicadas
1646-5830,,Ciências da Saúde
1646-5954,,Ciências Sociais Aplicadas
1646-6004,,Ciências Humanas
1646-706X,,Ciências da Saúde
1646-740X,,Ciências Humanas
1646-8872,,Ciências Exatas e da Terra
1646-9895,,Engenharias
1647-2160,,Ciências da Saúde
1647-581X,,Ciências Exatas e da Terra
1647-6158,,"Linguística, Letras e Artes"
1652-6776,,Ciências Biológicas
1652-6776,,Ciências da Saúde
1657-0308,,Ciências Humanas
1657-0790,,Ciências Humanas
1657-4206,,Ciências Sociais Aplicadas
1657-4214,,Ciências Sociais Aplicadas
1657-4702,,Ciências Biológicas
1657-4702,,Ciências Humanas
1657-4702,,Ciências Sociais Aplicadas
1657-4702,,Ciências da Saúde
1657-5997,,Ciências da Saúde
1657-6276,,Ciências Sociais Aplicadas
1657-6357,,Ciências Sociais Aplicadas
1657-7027,,Ciências Humanas
1657-7027,,Ciências Sociais Aplicadas
1657-8031,,Ciências Humanas
1657-8953,,Ciências Humanas
1657-8953,,Ciências Sociais Aplicadas
1657-8961,,Ciências Sociais Aplicadas
1657-9267,,Ciências Humanas
1657-9534,,Ciências da Saúde
1657-9550,,Ciências Biológicas
1657-9550,,Ciências da Saúde
1657-9763,,Ciências Sociais Aplicadas
1659-0201,,Ciências Humanas
1659-0201,,Ciências da Saúde
1659-0775,,Ciências da Saúde
1659-097X,,Ciências da Saúde
1659-1321,,Ciências Agrárias
1659-2859,,"Linguística, Letras e Artes"
1659-2859,,Ciências Humanas
1659-2859,,Ciências Sociais Aplicadas
1659-2913,,Ciências Humanas
1659-2913,,Ciências da Saúde
1659-3359,,Engenharias
1659-3820,,"Linguística, Letras e Artes"
1659-3820,,Ciências Humanas
1659-3820,,Ciências Sociais Aplicadas
1659-4142,,Ciências da Saúde
1659-4223,,"Linguística, Letras e Artes"
1659-4223,,Ciências Humanas
1659-4266,,Ciências Biológicas
1659-4266,,Ciências Exatas e da Terra
1659-4266,,Ciências Sociais Aplicadas
1659-4266,,Engenharias
1659-4436,,Ciências da Saúde
1659-4940,,"Linguística, Letras e Artes"
1665-0565,,Ciências Sociais Aplicadas
1665-109X,,Ciências Humanas
1665-1146,,Ciências da Saúde
1665-1200,,Ciências Humanas
1665-1324,,Ciências Humanas
1665-1456,,Ciências Agrárias
1665-1456,,Ciências Biológicas
1665-1456,,Engenharias
1665-1995,,Ciências da Saúde
1665-2037,,Ciências Sociais Aplicadas
1665-2045,,Ciências Sociais Aplicadas
1665-2436,,Ciências Humanas
1665-2436,,Ciências Sociais Aplicadas
1665-2673,,Ciências Humanas
1665-2681,,Ciências da Saúde
1665-2738,,Engenharias
1665-3521,,Ciências Exatas e da Terra
1665-4420,,Ciências Humanas
1665-5044,,Ciências da Saúde
1665-5346,,Ciências Sociais Aplicadas
1665-5826,,Ciências Humanas
1665-6180,,Ciências Sociais Aplicadas
1665-6423,,Engenharias
1665-7063,,Ciências da Saúde
1665-7381,,Engenharias
1665-7527,,Ciências Sociais Aplicadas
1665-8027,,Ciências Humanas
1665-8027,,Ciências Sociais Aplicadas
1665-8574,,Ciências Humanas
1665-8906,,Ciências Humanas
1665-8906,,Ciências Sociais Aplicadas
1665-899X,,Ciências Humanas
1665-899X,,Ciências Sociais Aplicadas
1665-952X,,Ciências Sociais Aplicadas
1666-485X,,Ciências Humanas
1666-7719,,Ciências Agrárias
1666-9479,,Ciências Exatas e da Terra
1667-782X,,Ciências Biológicas
1667-8990,,Ciências da Saúde
1668-298X,,Ciências Agrárias
1668-3498,,Ciências Biológicas
1668-5628,,Ciências Sociais Aplicadas
1668-7027,,Ciências Humanas
1668-8090,,Ciências Humanas
1668-8104,,Ciências Humanas
1668-8104,,Ciências Sociais Aplicadas
1668-8708,,Ciências Sociais Aplicadas
1669-2314,,Ciências Agrárias
1669-2721,,Ciências Humanas
1669-2721,,Ciências Sociais Aplicadas
1669-3248,,Ciências Humanas
1669-5704,,Ciências Humanas
1669-6840,,Ciências Agrárias
1669-6840,,Engenharias
1669-9041,,Ciências Humanas
1676-0603,,Ciências Biológicas
1676-2444,,Ciências da Saúde
1676-2649,,Ciências da Saúde
1676-5648,,Ciências Sociais Aplicadas
1677-0420,,Ciências Biológicas
1677-3225,,Ciências da Saúde
1677-5449,,Ciências da Saúde
1677-5538,,Ciências da Saúde
1678-3166,,Ciências Humanas
1678-5320,,"Linguística, Letras e Artes"
1678-5878,,Ciências Exatas e da Terra
1678-5878,,Engenharias
1678-6971,,Ciências Sociais Aplicadas
1678-7757,,Ciências da Saúde
1678-8621,,Engenharias
1678-9199,,Ciências Agrárias
1678-9199,,Ciências Biológicas
1678-9199,,Ciências da Saúde
1679-3951,,Ciências Sociais Aplicadas
1679-4508,,Ciências da Saúde
1679-6225,,Ciências Biológicas
1679-7825,,Engenharias
1679-8759,,Ciências Exatas e da Terra
1680-0338,,Engenharias
1681-150X,,Ciências Biológicas
1681-150X,,Ciências da Saúde
1682-0037,,Ciências da Saúde
1682-5853,,Ciências Sociais Aplicadas
1683-0789,,Ciências Exatas e da Terra
1683-9803,,Ciências da Saúde
1684-0933,,Ciências Sociais Aplicadas
1684-1859,,Ciências da Saúde
1684-1999,,Ciências Sociais Aplicadas
1688-0390,,Ciências da Saúde
1688-0420,,Ciências da Saúde
1688-1249,,Ciências da Saúde
1688-1273,,Ciências da Saúde
1688-4221,,Ciências Humanas
1688-4221,,Ciências Sociais Aplicadas
1688-423X,,Ciências da Saúde
1688-4809,,Ciências da Saúde
1688-499X,,Ciências Humanas
1688-499X,,Ciências Sociais Aplicadas
1688-7026,,Ciências Sociais Aplicadas
1688-7026,,Ciências da Saúde
1688-7468,,Ciências Humanas
1688-7468,,Ciências Sociais Aplicadas
1688-8626,,Ciências Humanas
1688-9304,,Ciências Humanas
1688-9304,,Ciências Sociais Aplicadas
1688-9339,,Ciências da Saúde
1690-3110,,Ciências da Saúde
1690-3293,,Ciências da Saúde
1690-4648,,Ciências Biológicas
1690-4648,,Ciências da Saúde
1690-4648,,Engenharias
1690-7515,,Ciências Sociais Aplicadas
1692-0279,,Ciências Sociais Aplicadas
1692-1798,,Ciências Exatas e da Terra
1692-1798,,Engenharias
1692-2522,,Ciências Sociais Aplicadas
1692-2530,,Ciências Sociais Aplicadas
1692-3324,,Engenharias
1692-3561,,Ciências Agrárias
1692-3561,,Ciências Biológicas
1692-3561,,Ciências Exatas e da Terra
1692-3561,,Engenharias
1692-5858,,Ciências Sociais Aplicadas
1692-715X,,"Linguística, Letras e Artes"
1692-715X,,Ciências Biológicas
1692-715X,,Ciências Humanas
1692-7273,,Ciências da Saúde
1692-8156,,Ciências Sociais Aplicadas
1692-8261,,Ciências Sociais Aplicadas
1692-8563,,Ciências Sociais Aplicadas
1692-8571,,Ciências Sociais Aplicadas
1692-8857,,Ciências Humanas
1695-6141,,Ciências da Saúde
1698-4447,,Ciências da Saúde
1698-6946,,Ciências da Saúde
1699-6011,,Ciências da Saúde
1699-6585,,Ciências da Saúde
1699-695X,,Ciências da Saúde
1699-714X,,Ciências da Saúde
1726-2216,,Ciências Biológicas
1726-4634,,Ciências da Saúde
1726-569X,,Ciências Biológicas
1726-569X,,Ciências Sociais Aplicadas
1726-569X,,Ciências da Saúde
1726-6718,,Ciências da Saúde
1726-8958,,Ciências da Saúde
1727-3781,,Ciências Humanas
1727-558X,,Ciências da Saúde
1727-8120,,Ciências Humanas
1727-8120,,Ciências da Saúde
1727-897X,,Ciências da Saúde
1727-9933,,Ciências Biológicas
1727-9933,,Ciências da Saúde
1728-5917,,Ciências da Saúde
1729-4827,,Ciências Humanas
1729-8091,,Ciências Sociais Aplicadas
1753-5913,,Ciências Humanas
1753-5913,,Ciências Sociais Aplicadas
1794-1237,,Engenharias
1794-192X,,Ciências Humanas
1794-192X,,Ciências Sociais Aplicadas
1794-2470,,Ciências da Saúde
1794-2489,,Ciências Humanas
1794-3108,,Ciências Sociais Aplicadas
1794-3841,,Ciências Sociais Aplicadas
1794-4449,,"Linguística, Letras e Artes"
1794-4449,,Ciências Agrárias
1794-4449,,Ciências Biológicas
1794-4449,,Ciências Exatas e da Terra
1794-4449,,Ciências Humanas
1794-4449,,Ciências da Saúde
1794-4449,,Engenharias
1794-4724,,Ciências Humanas
1794-5887,,"Linguística, Letras e Artes"
1794-5887,,Ciências Humanas
1794-6190,,Ciências Exatas e da Terra
1794-8347,,Ciências Sociais Aplicadas
1794-8886,,Ciências Humanas
1794-8932,,Ciências Sociais Aplicadas
1794-9165,,Engenharias
1794-9998,,Ciências Humanas
1806-0013,,Ciências da Saúde
1806-1117,,Ciências Humanas
1806-3713,,Ciências da Saúde
1806-4892,,Ciências Sociais Aplicadas
1806-6445,,Ciências Humanas
1806-6445,,Ciências Sociais Aplicadas
1806-6690,,Ciências Agrárias
1806-8324,,Ciências da Saúde
1807-0302,,Ciências Exatas e da Terra
1807-1775,,Ciências Sociais Aplicadas
1807-2577,,Ciências da Saúde
1807-5509,,Ciências da Saúde
1807-5932,,Ciências da Saúde
1807-7692,,Ciências Sociais Aplicadas
1807-8621,,Ciências Agrárias
1807-8672,,Ciências Agrárias
1808-1657,,Ciências Agrárias
1808-1851,,Ciências da Saúde
1808-2386,,Ciências Sociais Aplicadas
1808-2432,,Ciências Sociais Aplicadas
1808-8694,,Ciências da Saúde
1809-2950,,Ciências da Saúde
1809-4341,,Ciências Humanas
1809-4864,,Ciências da Saúde
1809-4872,,Ciências da Saúde
1809-5844,,Ciências Sociais Aplicadas
1809-6891,,Ciências Agrárias
1809-9823,,Ciências Humanas
1809-9823,,Ciências da Saúde
1810-634X,,Ciências Exatas e da Terra
1812-9528,,Ciências da Saúde
1815-0276,,Ciências Sociais Aplicadas
1815-5898,,Ciências Sociais Aplicadas
1815-5898,,Engenharias
1815-5901,,Engenharias
1815-5928,,Engenharias
1815-5936,,Engenharias
1815-5944,,Engenharias
1815-7696,,Ciências Biológicas
1815-7696,,Ciências Exatas e da Terra
1815-7696,,Ciências Humanas
1815-7696,,Ciências Sociais Aplicadas
1816-7950,,Ciências Agrárias
1816-7950,,Ciências Biológicas
1816-7950,,Ciências Exatas e da Terra
1816-7950,,Ciências Humanas
1816-7950,,Engenharias
1816-8949,,Ciências da Saúde
1817-7433,,Ciências da Saúde
1850-0013,,Ciências Humanas
1850-1168,,Ciências Exatas e da Terra
1850-1532,,Ciências da Saúde
1850-2067,,Ciências Agrárias
1850-275X,,Ciências Humanas
1850-373X,,Ciências Humanas
1850-3748,,Ciências da Saúde
1850-468X,,Ciências Exatas e da Terra
1850-6666,,Ciências Humanas
1850-9959,,Ciências Sociais Aplicadas
1851-0027,,Ciências Humanas
1851-1686,,Ciências Humanas
1851-1694,,Ciências Sociais Aplicadas
1851-1716,,Ciências Humanas
1851-1724,,"Linguística, Letras e Artes"
1851-1724,,Ciências Humanas
1851-1732,,Ciências Sociais Aplicadas
1851-1740,,Ciências Sociais Aplicadas
1851-2372,,Ciências Biológicas
1851-2879,,Ciências Humanas
1851-300X,,Ciências da Saúde
1851-3018,,Ciências Agrárias
1851-3026,,Ciências Agrárias
1851-3034,,Ciências da Saúde
1851-3123,,"Linguística, Letras e Artes"
1851-3123,,Ciências Sociais Aplicadas
1851-3727,,Ciências Sociais Aplicadas
1851-3735,,Ciências Humanas
1851-3735,,Ciências Sociais Aplicadas
1851-3743,,Ciências Biológicas
1851-3751,,Ciências Humanas
1851-4669,,"Linguística, Letras e Artes"
1851-4979,,Ciências Exatas e da Terra
1851-5657,,Ciências Biológicas
1851-7587,,Engenharias
1851-8265,,Ciências da Saúde
1851-8753,,Ciências Humanas
1851-8893,,Ciências Humanas
1851-9490,,Ciências Humanas
1851-9504,,Ciências Humanas
1851-9601,,Ciências Humanas
1851-9628,,Ciências Humanas
1851-9636,,Ciências Humanas
1851-9814,,Ciências Sociais Aplicadas
1852-0499,,Ciências Humanas
1852-1428,,Ciências Exatas e da Terra
1852-1479,,Ciências Humanas
1852-1568,,Ciências Humanas
1852-1606,,Ciências Humanas
1852-236X,,Ciências da Saúde
1852-3862,,Ciências da Saúde
1852-4206,,Ciências Biológicas
1852-4206,,Ciências Humanas
1852-4222,,Ciências Sociais Aplicadas
1852-4249,,Ciências Exatas e da Terra
1852-4249,,Engenharias
1852-4265,,Ciências Exatas e da Terra
1852-4478,,"Linguística, Letras e Artes"
1852-4508,,Ciências Humanas
1852-4826,,Ciências Humanas
1852-4834,,Ciências da Saúde
1852-5768,,Ciências Biológicas
1852-5962,,Ciências Biológicas
1852-6217,,Ciências Exatas e da Terra
1852-6233,,Ciências Biológicas
1852-6233,,Ciências da Saúde
1852-7310,,Ciências Humanas
1852-7329,,Ciências Agrárias
1852-7329,,Ciências Biológicas
1852-7337,,Ciências da Saúde
1852-7353,,Ciências Humanas
1852-7434,,Ciências da Saúde
1852-7744,,Ciências Exatas e da Terra
1852-8562,,Ciências Humanas
1852-8562,,Ciências Sociais Aplicadas
1852-9615,,"Linguística, Letras e Artes"
1852-9992,,Ciências da Saúde
1853-001X,,Ciências Humanas
1853-001X,,Ciências Sociais Aplicadas
1853-0400,,Ciências Biológicas
1853-0400,,Ciências Exatas e da Terra
1853-1296,,Ciências Sociais Aplicadas
1853-1784,,Ciências Sociais Aplicadas
1853-1970,,Ciências Sociais Aplicadas
1853-3175,,Ciências Humanas
1853-3523,,"Linguística, Letras e Artes"
1853-3523,,Ciências Sociais Aplicadas
1853-3655,,Ciências Sociais Aplicadas
1853-4392,,Ciências Humanas
1853-6360,,Ciências Exatas e da Terra
1853-6379,,Ciências Humanas
1853-7081,,Ciências Humanas
1853-810X,,Ciências da Saúde
1853-8460,,Ciências Exatas e da Terra
1853-8665,,Ciências Agrárias
1853-984X,,Ciências Sociais Aplicadas
1853-9912,,Ciências Humanas
1870-0063,,Ciências Humanas
1870-0063,,Ciências Sociais Aplicadas
1870-0195,,Ciências da Saúde
1870-0462,,Ciências Agrárias
1870-0462,,Ciências Biológicas
1870-0578,,Ciências Sociais Aplicadas
1870-1191,,"Linguística, Letras e Artes"
1870-1191,,Ciências Sociais Aplicadas
1870-1442,,Ciências Sociais Aplicadas
1870-199X,,Ciências da Saúde
1870-2147,,Ciências Humanas
1870-2171,,Ciências Sociais Aplicadas
1870-2333,,Ciências Sociais Aplicadas
1870-249X,,Ciências Biológicas
1870-3453,,Ciências Biológicas
1870-3542,,Ciências Exatas e da Terra
1870-3550,,Ciências Sociais Aplicadas
1870-3569,,Ciências Sociais Aplicadas
1870-3925,,Ciências Humanas
1870-3925,,Ciências Sociais Aplicadas
1870-4115,,Ciências Sociais Aplicadas
1870-4654,,Ciências Sociais Aplicadas
1870-4670,,Ciências Sociais Aplicadas
1870-5308,,Ciências Humanas
1870-5308,,Ciências Sociais Aplicadas
1870-5472,,Ciências Agrárias
1870-5472,,Ciências Sociais Aplicadas
1870-5766,,Ciências Humanas
1870-6622,,Ciências Sociais Aplicadas
1870-6916,,Ciências Sociais Aplicadas
1870-719X,,Ciências Sociais Aplicadas
1870-7203,,Ciências da Saúde
1870-7459,,Ciências Biológicas
1870-7599,,Ciências Sociais Aplicadas
1870-879X,,Ciências Sociais Aplicadas
1870-9036,,Ciências Sociais Aplicadas
1870-9044,,Engenharias
1885-5210,,Ciências da Saúde
1885-642X,,Ciências da Saúde
1886-5887,,Ciências da Saúde
1887-8571,,Ciências da Saúde
1888-7546,,Ciências da Saúde
1889-1861,,Ciências da Saúde
1889-836X,,Ciências da Saúde
1900-2386,,Ciências Humanas
1900-3803,,"Linguística, Letras e Artes"
1900-3803,,Ciências Agrárias
1900-3803,,Ciências Exatas e da Terra
1900-3803,,Ciências Humanas
1900-3803,,Ciências Sociais Aplicadas
1900-3803,,Ciências da Saúde
1900-5407,,Ciências Humanas
1900-6586,,Ciências Sociais Aplicadas
1900-9607,,Ciências Agrárias
1909-0455,,Ciências Sociais Aplicadas
1909-0455,,Engenharias
1909-2474,,Ciências Biológicas
1909-2474,,Ciências Humanas
1909-2474,,Ciências Sociais Aplicadas
1909-3063,,Ciências Humanas
1909-3667,,Engenharias
1909-4450,,Ciências Sociais Aplicadas
1909-8367,,Engenharias
1909-9762,,Ciências Biológicas
1909-9762,,Ciências da Saúde
1909-9762,,Engenharias
1947-9417,,"Linguística, Letras e Artes"
1947-9417,,Ciências Sociais Aplicadas
1980-0037,,Ciências da Saúde
1980-5098,,Ciências Agrárias
1980-5764,,Ciências Humanas
1980-5764,,Ciências da Saúde
1980-6523,,Ciências da Saúde
1980-6574,,Ciências da Saúde
1980-8585,,Ciências Humanas
1980-8585,,Ciências Sociais Aplicadas
1980-993X,,Ciências Agrárias
1980-993X,,Ciências Biológicas
1981-3821,,Ciências Humanas
1981-5794,,"Linguística, Letras e Artes"
1981-6723,,Ciências Agrárias
1981-7746,,Ciências Humanas
1981-7746,,Ciências da Saúde
1981-8122,,Ciências Humanas
1981-8637,,Ciências da Saúde
1982-2170,,Ciências Exatas e da Terra
1982-2553,,Ciências Sociais Aplicadas
1982-4513,,Ciências Humanas
1982-5676,,Ciências Agrárias
1982-6125,,Ciências Sociais Aplicadas
1982-8837,,"Linguística, Letras e Artes"
1982-8918,,Ciências Humanas
1982-8918,,Ciências da Saúde
1983-1447,,Ciências da Saúde
1983-2117,,Ciências Humanas
1983-2125,,Ciências Agrárias
1983-3083,,Ciências da Saúde
1983-3288,,Ciências Humanas
1983-3288,,Ciências da Saúde
1983-4063,,Ciências Agrárias
1983-4195,,Engenharias
1983-4632,,Ciências da Saúde
1983-4659,,Ciências Sociais Aplicadas
1983-5175,,Ciências da Saúde
1983-6821,,"Linguística, Letras e Artes"
1983-7151,,Ciências Sociais Aplicadas
1983-8042,,Ciências Humanas
1983-8042,,Ciências da Saúde
1984-0292,,Ciências Humanas
1984-2201,,Ciências Humanas
1984-249X,,Ciências Humanas
1984-2961,,Ciências Biológicas
1984-3143,,Ciências Agrárias
1984-4670,,Ciências Biológicas
1984-6398,,"Linguística, Letras e Artes"
1984-6487,,Ciências Humanas
1984-6487,,Ciências da Saúde
1984-7033,,Ciências Agrárias
1984-7033,,Ciências Biológicas
1984-7726,,"Linguística, Letras e Artes"
1984-8234,,Ciências Humanas
1984-8250,,Ciências da Saúde
1984-9230,,Ciências Sociais Aplicadas
1988-348X,,Ciências da Saúde
1989-3809,,Ciências da Saúde
1990-7451,,Ciências Sociais Aplicadas
1990-8644,,Ciências Sociais Aplicadas
1991-1696,,Engenharias
1991-3877,,Ciências Humanas
1993-8012,,Engenharias
1994-3733,,Ciências Sociais Aplicadas
1995-7785,,Ciências Humanas
1996-1421,,Ciências Sociais Aplicadas
1996-2096,,Ciências Humanas
1996-2452,,Ciências Biológicas
1996-2452,,Ciências Humanas
1996-2452,,Ciências Sociais Aplicadas
1996-2452,,Ciências da Saúde
1996-3696,,Ciências da Saúde
1997-4043,,Ciências Exatas e da Terra
1997-4043,,Ciências Sociais Aplicadas
1999-7671,,Ciências da Saúde
2007-0705,,Ciências Biológicas
2007-0705,,Ciências Sociais Aplicadas
2007-0705,,Engenharias
2007-0780,,Ciências Humanas
2007-0934,,Ciências Agrárias
2007-1124,,Ciências Agrárias
2007-1124,,Ciências Biológicas
2007-1132,,Ciências Agrárias
2007-1205,,Ciências Sociais Aplicadas
2007-1523,,Ciências da Saúde
2007-1558,,Engenharias
2007-1833,,Ciências Sociais Aplicadas
2007-2171,,Ciências Sociais Aplicadas
2007-2406,,Ciências Humanas
2007-2422,,Ciências Exatas e da Terra
2007-2422,,Engenharias
2007-249X,,"Linguística, Letras e Artes"
2007-249X,,Ciências Humanas
2007-2538,,Ciências Humanas
2007-2872,,Ciências Humanas
2007-3011,,Engenharias
2007-3364,,Ciências Biológicas
2007-3364,,Ciências Exatas e da Terra
2007-3380,,Ciências Agrárias
2007-3380,,Ciências Biológicas
2007-3607,,Ciências Sociais Aplicadas
2007-4018,,Ciências Agrárias
2007-4026,,Ciências Agrárias
2007-4026,,Ciências Exatas e da Terra
2007-4026,,Engenharias
2007-4085,,Ciências da Saúde
2007-4298,,Ciências Biológicas
2007-4387,,Ciências Sociais Aplicadas
2007-4832,,Ciências da Saúde
2007-4964,,Ciências Sociais Aplicadas
2007-5057,,Ciências da Saúde
2007-5308,,Ciências Sociais Aplicadas
2007-5545,,Ciências Humanas
2007-5936,,Ciências Humanas
2007-5936,,Ciências Sociais Aplicadas
2007-6576,,Ciências Sociais Aplicadas
2007-6835,,Engenharias
2007-736X,,Ciências Humanas
2007-7459,,Ciências da Saúde
2007-7467,,Ciências Agrárias
2007-7467,,Ciências Biológicas
2007-7467,,Ciências Humanas
2007-7467,,Ciências Sociais Aplicadas
2007-7467,,Ciências da Saúde
2007-7610,,Ciências Sociais Aplicadas
2007-7858,,Ciências Agrárias
2007-7858,,Ciências Biológicas
2007-7858,,Ciências Exatas e da Terra
2007-7858,,Ciências Humanas
2007-7858,,Ciências Sociais Aplicadas
2007-7858,,Ciências da Saúde
2007-7858,,Engenharias
2007-7890,,Ciências Humanas
2007-8064,,"Linguística, Letras e Artes"
2007-8064,,Ciências Agrárias
2007-8064,,Ciências Biológicas
2007-8064,,Ciências Exatas e da Terra
2007-8064,,Ciências Humanas
2007-8064,,Ciências Sociais Aplicadas
2007-8064,,Ciências da Saúde
2007-8064,,Engenharias
2007-8110,,Ciências Humanas
2007-8110,,Ciências Sociais Aplicadas
2007-8447,,Ciências da Saúde
2007-9028,,Ciências Agrárias
2007-9028,,Ciências Biológicas
2007-9028,,Ciências Exatas e da Terra
2007-9176,,Ciências Sociais Aplicadas
2007-9753,,Ciências Agrárias
2007-9753,,Ciências Exatas e da Terra
2007-9753,,Ciências Sociais Aplicadas
2007-9753,,Engenharias
2011-0324,,Ciências Sociais Aplicadas
2011-0839,,Ciências da Saúde
2011-2084,,Ciências Sociais Aplicadas
2011-2106,,Ciências Sociais Aplicadas
2011-2173,,Ciências Agrárias
2011-3080,,Ciências da Saúde
2011-4532,,Ciências Sociais Aplicadas
2011-7582,,Ciências da Saúde
2011-804X,,"Linguística, Letras e Artes"
2011-804X,,Ciências Humanas
2014-9832,,Ciências da Saúde
2027-4297,,Ciências Agrárias
2027-4688,,Ciências Humanas
2027-5137,,Ciências Humanas
2027-8306,,Engenharias
2070-8157,,Ciências Humanas
2071-0054,,Ciências Agrárias
2071-0763,,Ciências Humanas
2071-081X,,Ciências Sociais Aplicadas
2071-2936,,Ciências Biológicas
2071-2936,,Ciências da Saúde
2071-5072,,Ciências Humanas
2071-9736,,Ciências Biológicas
2071-9736,,Ciências da Saúde
2072-8174,,Ciências da Saúde
2072-9294,,Ciências Agrárias
2072-9294,,Ciências Biológicas
2073-6061,,Ciências Sociais Aplicadas
2074-4706,,Ciências Sociais Aplicadas
2074-7705,,Ciências Humanas
2074-8647,,Ciências Agrárias
2074-8647,,Ciências Biológicas
2076-054X,,Ciências Humanas
2077-1886,,Ciências Sociais Aplicadas
2077-2161,,Ciências Sociais Aplicadas
2077-2874,,Ciências da Saúde
2077-3323,,"Linguística, Letras e Artes"
2077-3323,,Ciências Humanas
2077-3323,,Ciências Sociais Aplicadas
2077-4907,,Ciências Humanas
2077-4907,,Ciências Sociais Aplicadas
2077-7213,,"Linguística, Letras e Artes"
2077-7213,,Ciências Sociais Aplicadas
2077-7213,,Engenharias
2077-9917,,Ciências Agrárias
2078-5127,,Ciências da Saúde
2078-6751,,Ciências Biológicas
2078-6751,,Ciências da Saúde
2078-6778,,Ciências da Saúde
2078-6786,,Ciências da Saúde
2078-7170,,Ciências da Saúde
2079-312X,,"Linguística, Letras e Artes"
2079-3480,,Ciências Agrárias
2145-0366,,Ciências Humanas
2145-132X,,Ciências Sociais Aplicadas
2145-7719,,Ciências Sociais Aplicadas
2145-8987,,Ciências Humanas
2145-9444,,Ciências Sociais Aplicadas
2174-5145,,Ciências da Saúde
2175-3369,,Ciências Sociais Aplicadas
2175-6236,,Ciências Humanas
2175-7860,,Ciências Biológicas
2175-7968,,"Linguística, Letras e Artes"
2175-8026,,"Linguística, Letras e Artes"
2175-9146,,Engenharias
2176-4573,,"Linguística, Letras e Artes"
2176-6681,,Ciências Humanas
2176-8757,,Ciências Humanas
2176-9133,,Ciências da Saúde
2176-9451,,Ciências da Saúde
2177-7055,,Ciências Sociais Aplicadas
2178-2792,,Ciências Humanas
2178-2822,,Ciências Humanas
2179-0892,,Ciências Humanas
2179-1074,,Engenharias
2179-6491,,Ciências da Saúde
2179-8087,,Ciências Agrárias
2179-8397,,Ciências da Saúde
2179-8451,,Ciências Exatas e da Terra
2179-8966,,Ciências Sociais Aplicadas
2179-975X,,Ciências Biológicas
2182-1267,,Ciências Sociais Aplicadas
2182-1372,,Ciências Humanas
2182-1372,,Ciências Sociais Aplicadas
2182-2395,,Ciências da Saúde
2182-3030,,Ciências Sociais Aplicadas
2182-4452,,"Linguística, Letras e Artes"
2182-5173,,Ciências da Saúde
2182-7230,,Ciências da Saúde
2182-7435,,Ciências Sociais Aplicadas
2182-8458,,Ciências Sociais Aplicadas
2183-1351,,Ciências da Saúde
2183-184X,,Ciências Sociais Aplicadas
2183-3176,,Ciências Sociais Aplicadas
2183-3575,,Ciências Sociais Aplicadas
2183-5462,,Ciências Sociais Aplicadas
2183-5985,,Ciências da Saúde
2183-8453,,Ciências da Saúde
2183-9522,,Ciências Humanas
2184-2078,,Ciências Humanas
2184-2078,,Ciências Sociais Aplicadas
2184-3023,,Ciências da Saúde
2184-7770,,"Linguística, Letras e Artes"
2197-0025,,Ciências Agrárias
2215-2458,,Ciências Sociais Aplicadas
2215-2466,,Ciências Sociais Aplicadas
2215-2504,,Ciências Agrárias
2215-2504,,Ciências Exatas e da Terra
2215-2563,,Ciências Exatas e da Terra
2215-2636,,"Linguística, Letras e Artes"
2215-2644,,"Linguística, Letras e Artes"
2215-3403,,Ciências Sociais Aplicadas
2215-3411,,Ciências da Saúde
2215-3470,,Ciências Agrárias
2215-3470,,Ciências Humanas
2215-3470,,Ciências Sociais Aplicadas
2215-3535,,Ciências Sociais Aplicadas
2215-3535,,Ciências da Saúde
2215-3705,,Engenharias
2215-3896,,Ciências Biológicas
2215-3934,,Ciências Humanas
2215-4175,,Ciências Sociais Aplicadas
2215-910X,,Ciências Sociais Aplicadas
2216-0159,,Ciências Sociais Aplicadas
2216-0973,,Ciências da Saúde
2219-7168,,Ciências Humanas
2219-7168,,Ciências Sociais Aplicadas
2219-8237,,"Linguística, Letras e Artes"
2221-4070,,Ciências Sociais Aplicadas
2222-145X,,Ciências Biológicas
2222-145X,,Ciências Exatas e da Terra
2222-3436,,Ciências Sociais Aplicadas
2223-0386,,Ciências Humanas
2223-2516,,Ciências Humanas
2223-2516,,Ciências Sociais Aplicadas
2223-3032,,Ciências Humanas
2223-4861,,Ciências Agrárias
2223-6279,,Ciências Biológicas
2223-6279,,Ciências da Saúde
2223-7682,,Ciências Sociais Aplicadas
2224-0039,,"Linguística, Letras e Artes"
2224-3380,,"Linguística, Letras e Artes"
2224-7890,,Engenharias
2224-7904,,Ciências Agrárias
2225-2010,,Ciências da Saúde
2225-4765,,Ciências da Saúde
2225-6253,,Ciências Exatas e da Terra
2225-6253,,Engenharias
2225-7160,,Ciências Humanas
2225-7160,,Ciências Sociais Aplicadas
2225-8787,,Ciências Sociais Aplicadas
2226-1761,,Ciências da Saúde
2226-4000,,Ciências Humanas
2226-7220,,Ciências Humanas
2227-1899,,Ciências Exatas e da Terra
2227-1899,,Engenharias
2227-4731,,Ciências da Saúde
2236-1960,,Ciências da Saúde
2236-3459,,Ciências Humanas
2236-4633,,Ciências Humanas
2236-8906,,Ciências Biológicas
2236-9996,,Ciências Sociais Aplicadas
2237-101X,,Ciências Humanas
2237-2660,,"Linguística, Letras e Artes"
2237-6089,,Ciências da Saúde
2237-9363,,Ciências da Saúde
2237-9622,,Ciências da Saúde
2238-0094,,Ciências Humanas
2238-1031,,Engenharias
2238-3875,,Ciências Humanas
2248-6046,,Ciências Sociais Aplicadas
2250-639X,,Ciências da Saúde
2254-2884,,Ciências da Saúde
2255-3371,,Ciências Humanas
2255-3371,,Ciências Sociais Aplicadas
2255-3371,,Ciências da Saúde
2256-5493,,Ciências Sociais Aplicadas
2301-0126,,Ciências Sociais Aplicadas
2301-0665,,Ciências Sociais Aplicadas
2301-1254,,Ciências da Saúde
2301-1378,,Ciências Humanas
2301-1513,,Engenharias
2301-1548,,Ciências Biológicas
2301-1629,,Ciências Humanas
2304-0106,,Ciências Agrárias
2304-0106,,Ciências Humanas
2304-0106,,Ciências Sociais Aplicadas
2304-5132,,Ciências da Saúde
2304-7887,,Ciências Sociais Aplicadas
2304-8263,,Ciências Humanas
2304-8263,,Ciências Sociais Aplicadas
2304-8557,,Ciências Humanas
2305-0683,,Ciências Agrárias
2305-0853,,Ciências Humanas
2305-445X,,Ciências Sociais Aplicadas
2305-7963,,Ciências Agrárias
2305-7963,,Ciências Biológicas
2305-7963,,Ciências Exatas e da Terra
2306-4102,,Ciências da Saúde
2306-8671,,Ciências Humanas
2306-9155,,Ciências Sociais Aplicadas
2307-0420,,Ciências da Saúde
2307-2113,,Ciências Sociais Aplicadas
2307-2113,,Ciências da Saúde
2307-3349,,Ciências da Saúde
2307-7999,,Ciências Sociais Aplicadas
2308-0531,,Ciências da Saúde
2308-1422,,Ciências Sociais Aplicadas
2308-3859,,Ciências Agrárias
2308-3859,,Ciências Biológicas
2308-3859,,Ciências Exatas e da Terra
2308-3859,,Engenharias
2308-4928,,Ciências Biológicas
2309-0413,,Engenharias
2309-8988,,Engenharias
2310-0265,,Ciências Biológicas
2310-0265,,Ciências da Saúde
2310-340X,,Ciências Humanas
2310-340X,,Ciências Sociais Aplicadas
2310-3469,,Ciências Agrárias
2310-3469,,Ciências Exatas e da Terra
2310-3833,,Ciências Biológicas
2310-3833,,Ciências da Saúde
2311-2581,,Ciências Agrárias
2311-2581,,Ciências Biológicas
2311-2581,,Engenharias
2312-3893,,Ciências da Saúde
2313-2957,,Ciências Agrárias
2313-2957,,Ciências Biológicas
2313-7835,,Ciências Exatas e da Terra
2313-9277,,Ciências Humanas
2313-9463,,Ciências Humanas
2314-0208,,Ciências Sociais Aplicadas
2314-1549,,Ciências Humanas
2314-2561,,Ciências Humanas
2314-2707,,Ciências Humanas
2314-2766,,Ciências Humanas
2314-3061,,Ciências Humanas
2314-369X,,Ciências Agrárias
2314-3738,,Ciências Sociais Aplicadas
2316-4018,,"Linguística, Letras e Artes"
2316-8242,,Ciências Humanas
2317-1529,,Ciências Sociais Aplicadas
2317-1537,,Ciências Agrárias
2317-1782,,Ciências da Saúde
2317-4889,,Ciências Exatas e da Terra
2317-6431,,Ciências da Saúde
2318-0331,,Engenharias
2326-4594,,Ciências da Saúde
2340-9894,,Ciências da Saúde
2341-4545,,Ciências da Saúde
2346-3775,,Ciências Agrárias
2346-8548,,Ciências da Saúde
2346-9641,,Ciências Agrárias
2352-2291,,Ciências da Saúde
2358-0429,,Ciências da Saúde
2358-1883,,Ciências Humanas
2359-3997,,Ciências da Saúde
2359-5639,,Ciências Sociais Aplicadas
2359-5647,,Ciências da Saúde
2362-2024,,Ciências Humanas
2362-3349,,Ciências Sociais Aplicadas
2362-3675,,Ciências da Saúde
2362-5589,,Ciências da Saúde
2393-6193,,Ciências Humanas
2393-6304,,Ciências da Saúde
2393-6606,,Ciências da Saúde
2393-6797,,Ciências da Saúde
2393-6886,,Ciências Humanas
2395-8669,,Ciências Humanas
2395-8669,,Ciências Sociais Aplicadas
2395-8715,,Ciências Sociais Aplicadas
2395-9169,,Ciências Sociais Aplicadas
2395-9177,,Ciências Sociais Aplicadas
2395-9185,,Ciências Sociais Aplicadas
2408-4417,,Ciências Humanas
2409-1618,,Ciências Agrárias
2409-8752,,Ciências Sociais Aplicadas
2410-972X,,Ciências Biológicas
2410-972X,,Engenharias
2411-9970,,Ciências Humanas
2413-2810,,Ciências Sociais Aplicadas
2413-3299,,Ciências Biológicas
2413-4341,,Ciências da Saúde
2413-4465,,Ciências Sociais Aplicadas
2413-9467,,Ciências Sociais Aplicadas
2414-8938,,Ciências Humanas
2415-0479,,Ciências Humanas
2415-0479,,Ciências Sociais Aplicadas
2415-0487,,Ciências Exatas e da Terra
2415-0495,,Ciências Exatas e da Terra
2415-0622,,Ciências Exatas e da Terra
2415-0959,,Ciências Humanas
2415-2250,,Ciências Exatas e da Terra
2422-4200,,Ciências Humanas
2422-6580,,Ciências Sociais Aplicadas
2444-6483,,Ciências da Saúde
2444-7986,,Ciências da Saúde
2446-4740,,Engenharias
2447-536X,,Ciências Agrárias
2448-167X,,Engenharias
2448-2455,,Ciências da Saúde
2448-4911,,Ciências Sociais Aplicadas
2448-5136,,Ciências Sociais Aplicadas
2448-5691,,Ciências Agrárias
2448-5691,,Ciências Biológicas
2448-5691,,Ciências Exatas e da Terra
2448-5691,,Engenharias
2448-5705,,Ciências Humanas
2448-5705,,Ciências Sociais Aplicadas
2448-6019,,Ciências Sociais Aplicadas
2448-6094,,Ciências da Saúde
2448-6132,,Ciências Agrárias
2448-6132,,Ciências Biológicas
2448-6132,,Ciências Exatas e da Terra
2448-6221,,"Linguística, Letras e Artes"
2448-6221,,Ciências Humanas
2448-6388,,Ciências Sociais Aplicadas
2448-6442,,Ciências Sociais Aplicadas
2448-6531,,"Linguística, Letras e Artes"
2448-6531,,Ciências Humanas
2448-654X,,Ciências Sociais Aplicadas
2448-6558,,Ciências Humanas
2448-6655,,Ciências Sociais Aplicadas
2448-6760,,Ciências Agrárias
2448-6760,,Ciências Biológicas
2448-718X,,Ciências Sociais Aplicadas
2448-7678,,Ciências Sociais Aplicadas
2448-8224,,"Linguística, Letras e Artes"
2448-8224,,Ciências Humanas
2448-8372,,Ciências Sociais Aplicadas
2448-8402,,Ciências Sociais Aplicadas
2448-8437,,Ciências Humanas
2448-8437,,Ciências Sociais Aplicadas
2448-8488,,Ciências Sociais Aplicadas
2448-8550,,Ciências Sociais Aplicadas
2448-8771,,Ciências da Saúde
2448-8909,,Ciências da Saúde
2448-9190,,Ciências da Saúde
2451-6600,,Ciências Humanas
2452-4549,,Ciências da Saúde
2452-5588,,Ciências da Saúde
2452-5731,,Ciências Agrárias
2452-6053,,Ciências Biológicas
2452-610X,,Ciências Sociais Aplicadas
2462-8522,,Ciências da Saúde
2468-9963,,Ciências Humanas
2469-0961,,Ciências Humanas
2500-5006,,Ciências da Saúde
2504-3145,,Ciências da Saúde
2518-4431,,Engenharias
2518-8283,,Ciências Humanas
2518-8283,,Ciências Sociais Aplicadas
2519-5352,,Ciências Agrárias
2520-9825,,Ciências Biológicas
2520-9825,,Ciências da Saúde
2520-9868,,Ciências Humanas
2520-9868,,Ciências Sociais Aplicadas
2521-2737,,Ciências Sociais Aplicadas
2523-3106,,Ciências da Saúde
2524-177X,,Ciências da Saúde
2526-8910,,Ciências da Saúde
2529-850X,,Ciências da Saúde
2530-5115,,Ciências da Saúde
2531-0488,,Ciências Sociais Aplicadas
2531-1379,,Ciências da Saúde
2545-7756,,Ciências Humanas
2565-005X,,Ciências da Saúde
2594-066X,,Ciências Sociais Aplicadas
2594-1321,,Ciências Biológicas
2594-5033,,Ciências Humanas
2595-3192,,Ciências da Saúde
2596-304X,,"Linguística, Letras e Artes"
2604-1227,,Ciências da Saúde
2616-4949,,Ciências Sociais Aplicadas
2616-7964,,"Linguística, Letras e Artes"
2616-7964,,Ciências Humanas
2616-7964,,Ciências Sociais Aplicadas
2617-4731,,Ciências Agrárias
2617-4731,,Ciências Biológicas
2617-4731,,Ciências Exatas e da Terra
2617-4731,,Ciências Sociais Aplicadas
2617-4731,,Ciências da Saúde
2619-6573,,Ciências Sociais Aplicadas
2663-371X,,Ciências Humanas
2663-3981,,Ciências Exatas e da Terra
2664-0902,,Ciências Agrárias
2664-3243,,Ciências da Saúde
2675-2824,,Ciências Exatas e da Terra
2675-5475,,Engenharias
2675-9462,,Ciências Agrárias
2676-0029,,Ciências Exatas e da Terra
2696-130X,,Ciências da Saúde
2709-7927,,Ciências da Saúde
2730-5066,,Ciências Agrárias
2730-5066,,Ciências Exatas e da Terra
